	{

		"metadata": {
			"formatVersion" : 3.1,
			"generatedBy"   : "Blender 2.7 Exporter",
			"vertices"      : 96,
			"faces"         : 124,
			"normals"       : 96,
			"colors"        : 0,
			"uvs"           : [],
			"materials"     : 1,
			"morphTargets"  : 0,
			"bones"         : 0
		},

			"scale" : 1.000000,
			
			"vertices" : [0,-2.5,-1,-3.30636e-07,-0.19131,-0.477598,0.19509,-2.5,-0.980785,0.0931748,-0.19131,-0.468421,0.382683,-2.5,-0.923879,0.182769,-0.19131,-0.441243,0.55557,-2.5,-0.831469,0.265339,-0.19131,-0.397108,0.707107,-2.5,-0.707107,0.337713,-0.19131,-0.337713,0.83147,-2.5,-0.55557,0.397108,-0.19131,-0.265339,0.92388,-2.5,-0.382683,0.441243,-0.19131,-0.182769,0.980785,-2.5,-0.19509,0.468421,-0.19131,-0.0931747,1,-2.5,3.37806e-08,0.477598,-0.19131,9.69307e-08,0.980785,-2.5,0.19509,0.468421,-0.19131,0.0931747,0.92388,-2.5,0.382683,0.441243,-0.19131,0.182769,0.83147,-2.5,0.55557,0.397108,-0.19131,0.265339,0.707107,-2.5,0.707107,0.337713,-0.19131,0.337713,0.55557,-2.5,0.83147,0.265339,-0.19131,0.397109,0.382683,-2.5,0.92388,0.182769,-0.19131,0.441243,0.19509,-2.5,0.980785,0.0931748,-0.19131,0.468421,-3.25841e-07,-2.5,1,-1.43418e-07,-0.19131,0.477598,-0.195091,-2.5,0.980785,-0.0931749,-0.19131,0.468421,-0.382684,-2.5,0.923879,-0.182769,-0.19131,0.441243,-0.555571,-2.5,0.831469,-0.26534,-0.19131,0.397108,-0.707107,-2.5,0.707106,-0.337713,-0.19131,0.337713,-0.83147,-2.5,0.55557,-0.397109,-0.19131,0.265339,-0.92388,-2.5,0.382683,-0.441243,-0.19131,0.182769,-0.980785,-2.5,0.19509,-0.468421,-0.19131,0.0931745,-1,-2.5,-8.56321e-07,-0.477598,-0.19131,-4.49123e-07,-0.980785,-2.5,-0.195091,-0.468421,-0.19131,-0.0931752,-0.923879,-2.5,-0.382684,-0.441243,-0.19131,-0.182769,-0.831469,-2.5,-0.555571,-0.397108,-0.19131,-0.26534,-0.707106,-2.5,-0.707108,-0.337712,-0.19131,-0.337713,-0.555569,-2.5,-0.83147,-0.265339,-0.19131,-0.397109,-0.382682,-2.5,-0.92388,-0.182768,-0.19131,-0.441243,-0.195089,-2.5,-0.980785,-0.0931737,-0.19131,-0.468422,0.164972,0.807736,-0.829371,-4.87519e-07,0.807737,-0.84562,0.323605,0.807737,-0.78125,0.469801,0.807737,-0.703107,0.597943,0.807736,-0.597943,0.703107,0.807737,-0.469801,0.781251,0.807737,-0.323605,0.829371,0.807737,-0.164972,0.845619,0.807737,2.45064e-08,0.829371,0.807737,0.164972,0.781251,0.807736,0.323604,0.703107,0.807737,0.469801,0.597943,0.807736,0.597943,0.469801,0.807737,0.703107,0.323604,0.807737,0.78125,0.164972,0.807737,0.829371,-1.56038e-07,0.807737,0.845619,-0.164972,0.807737,0.829371,-0.323605,0.807737,0.78125,-0.469801,0.807737,0.703106,-0.597944,0.807737,0.597943,-0.703107,0.807737,0.469801,-0.78125,0.807737,0.323604,-0.829371,0.807737,0.164971,-0.845619,0.807737,-9.42317e-07,-0.829371,0.807737,-0.164973,-0.78125,0.807737,-0.323606,-0.703106,0.807737,-0.469802,-0.597942,0.807737,-0.597944,-0.4698,0.807737,-0.703108,-0.323603,0.807737,-0.781251,-0.16497,0.807736,-0.829372],
			"faces"    : [35,0,1,3,2,0,0,1,2,3,35,2,3,5,4,0,3,2,4,5,35,4,5,7,6,0,5,4,6,7,35,6,7,9,8,0,7,6,8,9,35,8,9,11,10,0,9,8,10,11,35,10,11,13,12,0,11,10,12,13,35,12,13,15,14,0,13,12,14,15,35,14,15,17,16,0,15,14,16,17,35,16,17,19,18,0,17,16,18,19,35,18,19,21,20,0,19,18,20,21,35,20,21,23,22,0,21,20,22,23,35,22,23,25,24,0,23,22,24,25,35,24,25,27,26,0,25,24,26,27,35,26,27,29,28,0,27,26,28,29,35,28,29,31,30,0,29,28,30,31,35,30,31,33,32,0,31,30,32,33,35,32,33,35,34,0,33,32,34,35,35,34,35,37,36,0,35,34,36,37,35,36,37,39,38,0,37,36,38,39,35,38,39,41,40,0,39,38,40,41,35,40,41,43,42,0,41,40,42,43,35,42,43,45,44,0,43,42,44,45,35,44,45,47,46,0,45,44,46,47,35,46,47,49,48,0,47,46,48,49,35,48,49,51,50,0,49,48,50,51,35,50,51,53,52,0,51,50,52,53,35,52,53,55,54,0,53,52,54,55,35,54,55,57,56,0,55,54,56,57,35,56,57,59,58,0,57,56,58,59,35,58,59,61,60,0,59,58,60,61,35,5,3,64,66,0,4,2,62,63,35,60,61,63,62,0,61,60,64,65,35,1,0,62,63,0,1,0,65,64,34,62,0,2,0,65,0,3,34,2,4,6,0,3,5,7,34,6,8,10,0,7,9,11,34,10,12,14,0,11,13,15,34,14,16,18,0,15,17,19,34,18,20,22,0,19,21,23,34,22,24,26,0,23,25,27,34,26,28,30,0,27,29,31,34,30,32,34,0,31,33,35,34,34,36,38,0,35,37,39,34,38,40,42,0,39,41,43,34,42,44,46,0,43,45,47,34,46,48,50,0,47,49,51,34,50,52,54,0,51,53,55,34,54,56,58,0,55,57,59,34,58,60,62,0,59,61,65,34,62,2,6,0,65,3,7,34,6,10,14,0,7,11,15,34,14,18,22,0,15,19,23,34,22,26,30,0,23,27,31,34,30,34,38,0,31,35,39,34,38,42,46,0,39,43,47,34,46,50,54,0,47,51,55,34,54,58,62,0,55,59,65,34,62,6,14,0,65,7,15,34,14,22,30,0,15,23,31,34,30,38,46,0,31,39,47,34,46,54,62,0,47,55,65,34,62,14,30,0,65,15,31,34,30,46,62,0,31,47,65,34,66,64,65,0,63,62,66,34,65,95,94,0,66,67,68,34,94,93,92,0,68,69,70,34,92,91,90,0,70,71,72,34,90,89,88,0,72,73,74,34,88,87,86,0,74,75,76,34,86,85,84,0,76,77,78,34,84,83,82,0,78,79,80,34,82,81,80,0,80,81,82,34,80,79,78,0,82,83,84,34,78,77,76,0,84,85,86,34,76,75,74,0,86,87,88,34,74,73,72,0,88,89,90,34,72,71,70,0,90,91,92,34,70,69,68,0,92,93,94,34,68,67,66,0,94,95,63,34,66,65,94,0,63,66,68,34,94,92,90,0,68,70,72,34,90,88,86,0,72,74,76,34,86,84,82,0,76,78,80,34,82,80,78,0,80,82,84,34,78,76,74,0,84,86,88,34,74,72,70,0,88,90,92,34,70,68,66,0,92,94,63,34,66,94,90,0,63,68,72,34,90,86,82,0,72,76,80,34,82,78,74,0,80,84,88,34,74,70,66,0,88,92,63,34,66,90,82,0,63,72,80,34,82,74,66,0,80,88,63,35,23,21,74,75,0,22,20,88,87,35,41,39,83,84,0,40,38,79,78,35,59,57,92,93,0,58,56,70,69,35,15,13,70,71,0,14,12,92,91,35,33,31,79,80,0,32,30,83,82,35,51,49,88,89,0,50,48,74,73,35,7,5,66,67,0,6,4,63,95,35,25,23,75,76,0,24,22,87,86,35,43,41,84,85,0,42,40,78,77,35,61,59,93,94,0,60,58,69,68,35,17,15,71,72,0,16,14,91,90,35,35,33,80,81,0,34,32,82,81,35,53,51,89,90,0,52,50,73,72,35,9,7,67,68,0,8,6,95,94,35,27,25,76,77,0,26,24,86,85,35,45,43,85,86,0,44,42,77,76,35,63,61,94,95,0,64,60,68,67,35,19,17,72,73,0,18,16,90,89,35,37,35,81,82,0,36,34,81,80,35,55,53,90,91,0,54,52,72,71,35,11,9,68,69,0,10,8,94,93,35,29,27,77,78,0,28,26,85,84,35,47,45,86,87,0,46,44,76,75,35,3,1,65,64,0,2,1,66,62,35,1,63,95,65,0,1,64,67,66,35,21,19,73,74,0,20,18,89,88,35,39,37,82,83,0,38,36,80,79,35,57,55,91,92,0,56,54,71,70,35,13,11,69,70,0,12,10,93,92,35,31,29,78,79,0,30,28,84,83,35,49,47,87,88,0,48,46,75,74],
			"uvs"      : [],