	{

		"metadata": {
			"formatVersion" : 3.1,
			"generatedBy"   : "Blender 2.7 Exporter",
			"vertices"      : 64,
			"faces"         : 92,
			"normals"       : 64,
			"colors"        : 0,
			"uvs"           : [],
			"materials"     : 1,
			"morphTargets"  : 0,
			"bones"         : 0
		},

			"scale" : 1.000000,
			
			"vertices" : [0,-2.5,-1,-2.12382e-07,0.933667,-0.334916,0.19509,-2.5,-0.980785,0.0653389,0.933667,-0.328481,0.382683,-2.5,-0.923879,0.128167,0.933667,-0.309422,0.55557,-2.5,-0.831469,0.186069,0.933667,-0.278472,0.707107,-2.5,-0.707107,0.236821,0.933667,-0.236821,0.83147,-2.5,-0.55557,0.278472,0.933667,-0.186069,0.92388,-2.5,-0.382683,0.309422,0.933667,-0.128167,0.980785,-2.5,-0.19509,0.328481,0.933667,-0.0653389,1,-2.5,3.37806e-08,0.334916,0.933667,-1.48736e-08,0.980785,-2.5,0.19509,0.328481,0.933667,0.0653387,0.92388,-2.5,0.382683,0.309422,0.933667,0.128167,0.83147,-2.5,0.55557,0.278472,0.933667,0.186069,0.707107,-2.5,0.707107,0.236821,0.933667,0.236821,0.55557,-2.5,0.83147,0.186069,0.933667,0.278472,0.382683,-2.5,0.92388,0.128167,0.933667,0.309422,0.19509,-2.5,0.980785,0.0653389,0.933667,1.85014,-3.25841e-07,-2.5,1,-8.10957e-08,0.933667,1.85657,-0.195091,-2.5,0.980785,-0.0653389,0.933667,1.85014,-0.382684,-2.5,0.923879,-0.128167,0.933667,0.309422,-0.555571,-2.5,0.831469,-0.18607,0.933667,0.278472,-0.707107,-2.5,0.707106,-0.236822,0.933667,0.236821,-0.83147,-2.5,0.55557,-0.278473,0.933667,0.186069,-0.92388,-2.5,0.382683,-0.309422,0.933667,0.128167,-0.980785,-2.5,0.19509,-0.328481,0.933667,0.0653386,-1,-2.5,-8.56321e-07,-0.334916,0.933667,-3.97794e-07,-0.980785,-2.5,-0.195091,-0.328481,0.933667,-0.0653392,-0.923879,-2.5,-0.382684,-0.309422,0.933667,-0.128167,-0.831469,-2.5,-0.555571,-0.278472,0.933667,-0.18607,-0.707106,-2.5,-0.707108,-0.236821,0.933667,-0.236822,-0.555569,-2.5,-0.83147,-0.186069,0.933667,-0.278473,-0.382682,-2.5,-0.92388,-0.128166,0.933667,-0.309422,-0.195089,-2.5,-0.980785,-0.0653381,0.933667,-0.328481],
			"faces"    : [35,0,1,3,2,0,0,1,2,3,35,2,3,5,4,0,3,2,4,5,35,4,5,7,6,0,5,4,6,7,35,6,7,9,8,0,7,6,8,9,35,8,9,11,10,0,9,8,10,11,35,10,11,13,12,0,11,10,12,13,35,12,13,15,14,0,13,12,14,15,35,14,15,17,16,0,15,14,16,17,35,16,17,19,18,0,17,16,18,19,35,18,19,21,20,0,19,18,20,21,35,20,21,23,22,0,21,20,22,23,35,22,23,25,24,0,23,22,24,25,35,24,25,27,26,0,25,24,26,27,35,26,27,29,28,0,27,26,28,29,35,28,29,31,30,0,29,28,30,31,35,30,31,33,32,0,31,30,32,33,35,32,33,35,34,0,33,32,34,35,35,34,35,37,36,0,35,34,36,37,35,36,37,39,38,0,37,36,38,39,35,38,39,41,40,0,39,38,40,41,35,40,41,43,42,0,41,40,42,43,35,42,43,45,44,0,43,42,44,45,35,44,45,47,46,0,45,44,46,47,35,46,47,49,48,0,47,46,48,49,35,48,49,51,50,0,49,48,50,51,35,50,51,53,52,0,51,50,52,53,35,52,53,55,54,0,53,52,54,55,35,54,55,57,56,0,55,54,56,57,35,56,57,59,58,0,57,56,58,59,35,58,59,61,60,0,59,58,60,61,34,5,3,1,0,4,2,1,34,1,63,61,0,1,62,60,34,61,59,57,0,60,58,56,34,57,55,53,0,56,54,52,34,53,51,49,0,52,50,48,34,49,47,45,0,48,46,44,34,45,43,41,0,44,42,40,34,41,39,37,0,40,38,36,34,37,35,33,0,36,34,32,34,33,31,29,0,32,30,28,34,29,27,25,0,28,26,24,34,25,23,21,0,24,22,20,34,21,19,17,0,20,18,16,34,17,15,13,0,16,14,12,34,13,11,9,0,12,10,8,34,9,7,5,0,8,6,4,34,5,1,61,0,4,1,60,34,61,57,53,0,60,56,52,34,53,49,45,0,52,48,44,34,45,41,37,0,44,40,36,34,37,33,29,0,36,32,28,34,29,25,21,0,28,24,20,34,21,17,13,0,20,16,12,34,13,9,5,0,12,8,4,34,5,61,53,0,4,60,52,34,53,45,37,0,52,44,36,34,37,29,21,0,36,28,20,34,21,13,5,0,20,12,4,34,5,53,37,0,4,52,36,34,37,21,5,0,36,20,4,35,60,61,63,62,0,61,60,62,63,35,1,0,62,63,0,1,0,63,62,34,62,0,2,0,63,0,3,34,2,4,6,0,3,5,7,34,6,8,10,0,7,9,11,34,10,12,14,0,11,13,15,34,14,16,18,0,15,17,19,34,18,20,22,0,19,21,23,34,22,24,26,0,23,25,27,34,26,28,30,0,27,29,31,34,30,32,34,0,31,33,35,34,34,36,38,0,35,37,39,34,38,40,42,0,39,41,43,34,42,44,46,0,43,45,47,34,46,48,50,0,47,49,51,34,50,52,54,0,51,53,55,34,54,56,58,0,55,57,59,34,58,60,62,0,59,61,63,34,62,2,6,0,63,3,7,34,6,10,14,0,7,11,15,34,14,18,22,0,15,19,23,34,22,26,30,0,23,27,31,34,30,34,38,0,31,35,39,34,38,42,46,0,39,43,47,34,46,50,54,0,47,51,55,34,54,58,62,0,55,59,63,34,62,6,14,0,63,7,15,34,14,22,30,0,15,23,31,34,30,38,46,0,31,39,47,34,46,54,62,0,47,55,63,34,62,14,30,0,63,15,31,34,30,46,62,0,31,47,63],
			"uvs"      : [],
			"normals"  : [0,-0.613636,-0.789544,0,0.752281,-0.658834,0.128513,0.752251,-0.646168,0.154027,-0.613636,-0.774377,0.252113,0.752251,-0.608661,0.302133,-0.613636,-0.729453,0.366008,0.752281,-0.547777,0.438643,-0.613636,-0.656484,0.465865,0.752251,-0.465865,0.558306,-0.613636,-0.558306,0.547777,0.752281,-0.366008,0.656484,-0.613636,-0.438643,0.608661,0.752251,-0.252113,0.729453,-0.613636,-0.302133,0.646168,0.752251,-0.128513,0.774377,-0.613636,-0.154027,0.658834,0.752251,0,0.789544,-0.613636,0,0.646168,0.752281,0.128513,0.774377,-0.613636,0.154027,0.608692,0.752251,0.252113,0.729453,-0.613636,0.302133,0.547777,0.752281,0.366008,0.656484,-0.613636,0.438643,0.465865,0.752251,0.465865,0.558306,-0.613636,0.558306,0.366008,0.752251,0.547807,0.438643,-0.613636,0.656484,0.583758,0.682546,0.43965,0.597064,-0.683187,0.420362,0.543535,0.514756,0.662984,0.441511,-0.791925,0.421735,0,0.592761,0.805353,0,-0.769677,0.638386,-0.543535,0.514756,0.662984,-0.441511,-0.791925,0.421735,-0.583758,0.682546,0.43965,-0.597064,-0.683187,0.420362,-0.366008,0.752251,0.547807,-0.438643,-0.613636,0.656484,-0.465865,0.752251,0.465865,-0.558306,-0.613636,0.558306,-0.547807,0.752251,0.366008,-0.656484,-0.613636,0.438643,-0.608661,0.752281,0.252113,-0.729453,-0.613636,0.302133,-0.646168,0.752251,0.128513,-0.774377,-0.613636,0.154027,-0.658834,0.752281,0,-0.789544,-0.613636,0,-0.646168,0.752251,-0.128513,-0.774377,-0.613636,-0.154027,-0.608661,0.752251,-0.252113,-0.729453,-0.613636,-0.302133,-0.547777,0.752281,-0.366008,-0.656484,-0.613636,-0.438643,-0.465865,0.752251,-0.465865,-0.558306,-0.613636,-0.558306,-0.366008,0.752251,-0.547807,-0.438643,-0.613636,-0.656484,-0.252113,0.752281,-0.608661,-0.302133,-0.613636,-0.729453,-0.128513,0.752251,-0.646168,-0.154027,-0.613636,-0.774377],
			
			"skinIndices"  : [],
			"skinWeights"  : [],
			"morphTargets" : [],
			
			"bones"      : [],
			"animations" : [],
			
			"colors"    : [],
			"materials" : [
				{
					"DbgColor": 15658734,
					"DbgIndex": 0,
					"DbgName": "default",
					"vertexColors": false
				}
			]


	}
